[
    {

        "age": 0,
        "id": "product-one",
        "imageUrl": "src/images/products/cat-food.png",
        "title": "Сказочное заморское яство",
        "name": "Нямушка",
        "nameDescription": "с фуа-гра",
        "qntPortions": "1",
        "qntPresent": "",
        "descriptionPresent": "в подарок",
        "sentiment": "",
        "available": "100"
    },
    {

        "age": 1,
        "id": "product-two",
        "imageUrl": "src/images/products/cat-food.png",
        "title": "Сказочное заморское яство",
        "name": "Нямушка",
        "nameDescription": "с рыбой",
        "qntPortions": "2",
        "qntPresent": "",
        "descriptionPresent": "в подарок",
        "sentiment": "",
        "available": "1"

    },
    {

        "age": 2,
        "id": "product-three",
        "imageUrl": "src/images/products/cat-food.png",
        "title": "Сказочное заморское яство",
        "name": "Нямушка",
        "nameDescription": "с курой",
        "qntPortions": "100",
        "qntPresent": "",
        "descriptionPresent": "в подарок",
        "sentiment": "заказчик доволен",
        "available": "0"

    }
]
